date,open,high,close,low,volume,price_change,change,ma5,ma10,ma20,v_ma5,v_ma10,v_ma20,turnover
2012/8/13,16.19,16.44,16.23,15.75,23755.84,0.04,0.25,16.23,16.23,16.23,23755.84,23755.84,23755.84,1.28
2012/8/14,16,16.18,15.85,14.61,91102.63,-0.38,-2.34,16.04,16.04,16.04,57429.24,57429.24,57429.24,4.93
2012/8/15,15.81,16.22,16.2,15.58,35009.83,0.35,2.21,16.093,16.093,16.093,49956.1,49956.1,49956.1,1.89
2012/8/16,16.2,16.87,16.79,16.15,47168.36,0.59,3.64,16.268,16.268,16.268,49259.17,49259.17,49259.17,2.55
2012/8/17,16.5,17.2,16.87,16.5,42809.46,0.08,0.48,16.388,16.388,16.388,47969.22,47969.22,47969.22,2.31
2012/8/20,16.83,16.83,16.4,15.55,47296.37,-0.47,-2.79,16.422,16.39,16.39,52677.33,47857.08,47857.08,2.56
2012/8/21,16.39,16.54,16.46,16.02,22978.43,0.06,0.37,16.544,16.4,16.4,39052.49,44302.99,44302.99,1.24
2012/8/22,16.35,16.73,16.41,16.29,15796.51,-0.05,-0.3,16.586,16.401,16.401,35209.83,40739.68,40739.68,0.85
2012/8/23,16.32,16.58,16.34,16.32,14739.97,-0.07,-0.43,16.496,16.394,16.394,28724.15,37850.82,37850.82,0.8
2012/8/24,16.21,16.56,16.17,16.11,19600.23,-0.17,-1.04,16.356,16.372,16.372,24082.3,36025.76,36025.76,1.06
2012/8/27,16.16,16.39,16.09,15.58,26617.96,-0.08,-0.49,16.294,16.358,16.346,19946.62,36311.98,35170.51,1.44
2012/8/28,16.09,16.46,16.4,15.82,18327.41,0.31,1.93,16.282,16.413,16.351,19016.42,29034.45,33766.92,0.99
2012/8/29,16.53,16.53,15.78,15.7,30866.91,-0.62,-3.78,16.156,16.371,16.307,22030.5,28620.16,33543.84,1.67
2012/8/30,15.61,15.98,15.94,15.2,18242.93,0.16,1.01,16.076,16.286,16.281,22731.09,25727.62,32450.92,0.99
2012/8/31,15.94,16,15.97,15.65,13802.33,0.03,0.19,16.036,16.196,16.26,21571.51,22826.91,31207.68,0.75
2012/9/3,16,16.65,16.5,16,25016.65,0.53,3.32,16.118,16.206,16.275,21251.25,20598.93,30820.74,1.35
2012/9/4,16.66,16.68,16.46,16.33,18281.11,-0.04,-0.24,16.13,16.206,16.286,21241.99,20129.2,30083.11,0.99
2012/9/5,16.52,16.6,16.47,16.27,11794.35,0.01,0.06,16.268,16.212,16.296,17427.47,19728.99,29067.07,0.64
2012/9/6,16.47,16.77,16.61,16.36,13479.35,0.14,0.85,16.402,16.239,16.313,16474.76,19602.92,28246.66,0.73
2012/9/7,16.63,17.31,17.26,16.52,37676.3,0.65,3.91,16.66,16.348,16.36,21249.55,21410.53,28718.15,2.04
2012/9/10,17.27,17.48,17.19,16.81,28340.13,-0.07,-0.41,16.798,16.458,16.408,21914.25,21582.75,28947.36,1.53
2012/9/11,17.01,17.01,16.28,15.9,70274.48,-0.91,-5.29,16.762,16.446,16.43,32312.92,26777.45,27905.95,3.8
2012/9/12,16.28,16.47,15.81,15.16,61790.75,-0.47,-2.89,16.63,16.449,16.41,42312.2,29869.84,29245,3.34
2012/9/13,15.6,15.98,15.29,15.2,37924.79,-0.52,-3.29,16.366,16.384,16.335,47201.29,31838.02,28782.82,2.05
2012/9/14,15.52,15.74,15.39,14.75,49861.89,0.1,0.65,15.992,16.326,16.261,49638.41,35443.98,29135.44,2.7
2012/10/8,16.93,16.93,16.3,16.16,83588.72,0.91,5.91,15.814,16.306,16.256,60688.13,41301.19,30950.06,4.52
2012/10/9,16.03,16.51,16.44,16,50023.99,0.14,0.86,15.846,16.304,16.255,56638.03,44475.47,32302.34,2.7
2012/10/10,16.38,17.39,17,16.32,57752.95,0.56,3.41,16.084,16.357,16.285,55830.47,49071.33,34400.16,3.12
2012/10/11,16.99,17.09,16.8,16.72,29846.26,-0.2,-1.18,16.386,16.376,16.308,54214.76,50708.03,35155.47,1.61
2012/10/12,16.8,16.99,16.95,16.5,25784.73,0.15,0.89,16.698,16.345,16.347,49399.33,49518.87,35464.7,1.39
2012/10/15,17.2,17.2,16.74,16.65,40695.61,-0.21,-1.24,16.786,16.3,16.379,40820.71,50754.42,36168.58,2.2
2012/10/16,16.83,16.83,16.28,16.27,32199.99,-0.46,-2.75,16.754,16.3,16.373,37255.91,46946.97,36862.21,1.74
2012/10/17,16.4,16.4,16.06,15.75,22153.6,-0.22,-1.35,16.566,16.325,16.387,30136.04,42983.25,36426.55,1.2
2012/10/18,16.14,16.37,16.28,16.06,14269.98,0.22,1.37,16.462,16.424,16.404,27020.78,40617.77,36227.9,0.77
2012/10/19,16.29,16.48,16.36,16.19,19245.93,0.08,0.49,16.344,16.521,16.424,25713.02,37556.18,36500.08,1.04
2012/10/22,16.5,16.67,16.3,16.23,19007.19,-0.06,-0.37,16.256,16.521,16.414,21375.34,31098.02,36199.6,1.03
2012/10/23,16.48,16.48,16.14,15.87,16754.29,-0.16,-0.98,16.228,16.491,16.398,18286.2,27771.05,36123.26,0.91
2012/10/24,16.1,17.17,16.85,16.1,54384.84,0.71,4.4,16.386,16.476,16.417,24732.45,27434.24,38252.79,2.94
2012/10/25,16.7,16.92,16.47,16.42,22327.24,-0.38,-2.25,16.424,16.443,16.41,26343.9,26682.34,38695.18,1.21
2012/10/26,16.47,16.69,16.67,16.24,19681.99,0.2,1.21,16.486,16.415,16.38,26431.11,26072.07,37795.47,1.06
2012/10/29,16.7,16.71,16.3,16.18,13169.7,-0.37,-2.22,16.486,16.371,16.336,25263.61,23319.48,37036.95,0.71
2012/10/30,16.25,16.42,16.2,15.95,14439.66,-0.1,-0.61,16.498,16.363,16.332,24800.69,21543.44,34245.21,0.78
2012/10/31,16.32,16.32,16.08,15.99,12870.8,-0.12,-0.74,16.344,16.365,16.345,16497.88,20615.16,31799.21,0.7
2012/11/1,16.15,16.28,16.18,16.08,14927.58,0.1,0.62,16.286,16.355,16.39,15017.95,20680.92,30649.35,0.81
2012/11/2,17.8,17.8,15.8,15.8,40738.71,-0.38,-2.35,16.112,16.299,16.41,19229.29,22830.2,30193.19,2.2
2012/11/5,15.55,15.55,15.12,14.8,58893.32,-0.68,-4.3,15.876,16.181,16.351,28374.01,26818.81,28958.42,3.18
2012/11/6,14.93,15.47,15.4,14.93,22594.99,0.28,1.85,15.716,16.107,16.299,30005.08,27402.88,27586.97,1.22
2012/11/7,15.4,15.45,15.31,15.1,8961.08,-0.09,-0.58,15.562,15.953,16.215,29223.14,22860.51,25147.37,0.48
2012/11/8,15.03,15.3,14.59,14.5,21441.1,-0.72,-4.7,15.244,15.765,16.104,30525.84,22771.89,24727.12,1.16
2012/11/9,14.6,15.45,15.2,14.45,21596.36,0.61,4.18,15.124,15.618,16.017,26697.37,22963.33,24517.7,1.17
2012/11/12,15.2,15.38,15.1,15.06,6715.52,-0.1,-0.66,15.12,15.498,15.935,16261.81,22317.91,22818.69,0.36
2012/11/13,15.15,15.28,14.82,14.75,11831.48,-0.28,-1.85,15.004,15.36,15.862,14109.11,22057.09,21800.27,0.64
2012/11/14,14.83,14.84,14.7,14.61,10405.29,-0.12,-0.81,14.882,15.222,15.794,14397.95,21810.54,21212.85,0.56
2012/11/15,14.7,14.86,14.56,14.56,5341.46,-0.14,-0.95,14.876,15.06,15.708,11178.02,20851.93,20766.43,0.29
2012/11/16,14.25,14.63,13.71,13.6,16012.41,-0.85,-5.84,14.578,14.851,15.575,10061.23,18379.3,20604.75,0.87
2012/11/19,13.71,14.05,13.95,13.56,15165.07,0.24,1.75,14.348,14.734,15.458,11751.14,14006.48,20412.64,0.82
2012/11/20,14.07,14.33,14.14,14,10577.23,0.19,1.36,14.212,14.608,15.358,11500.29,12804.7,20103.79,0.57
2012/11/21,14.2,14.37,14.15,13.8,7064.35,0.01,0.07,14.102,14.492,15.223,10832.1,12615.03,17737.77,0.38
2012/11/22,14.1,14.15,13.93,13.9,4710.24,-0.22,-1.55,13.976,14.426,15.096,10705.86,10941.94,16856.92,0.25
2012/11/23,14.06,14.13,13.9,13.88,7249.01,-0.03,-0.21,14.014,14.296,14.957,8953.18,9507.21,16235.27,0.39
2012/11/26,13.9,14.09,13.55,13.45,13376.06,-0.35,-2.52,13.934,14.141,14.82,8595.38,10173.26,16245.59,0.72
2012/11/27,13.41,13.6,12.58,12.55,23679.49,-0.97,-7.16,13.622,13.917,14.639,11215.83,11358.06,16707.58,1.28
2012/11/28,12.58,12.58,12.28,11.93,14849.35,-0.3,-2.38,13.248,13.675,14.449,12772.83,11802.47,16806.51,0.8
2012/11/29,12.28,12.38,11.96,11.94,13988.02,-0.32,-2.61,12.854,13.415,14.238,14628.39,12667.12,16759.53,0.76
2012/11/30,12.02,12.68,12.63,11.98,22670.27,0.67,5.6,12.6,13.307,14.079,17712.64,13332.91,15856.11,1.23
2012/12/3,12.3,12.98,12.66,12.3,17527.55,0.03,0.24,12.422,13.178,13.956,18542.94,13569.16,13787.82,0.95
2012/12/4,12.74,12.88,12.6,12.09,14641.22,-0.06,-0.47,12.426,13.024,13.816,16735.28,13975.56,13390.13,0.79
2012/12/5,12.53,13.12,12.88,12.38,24678.45,0.28,2.22,12.546,12.897,13.695,18701.1,15736.97,14176,1.33
2012/12/6,12.88,12.88,12.6,12.55,10649.23,-0.28,-2.17,12.674,12.764,13.595,18033.34,16330.87,13636.4,0.58
2012/12/7,12.65,12.92,12.84,12.43,16412.11,0.24,1.91,12.716,12.658,13.477,16781.71,17247.18,13377.19,0.89
2012/12/10,12.88,13.27,13.14,12.75,17210.86,0.3,2.34,12.812,12.617,13.379,16718.37,17630.66,13901.96,0.93
2012/12/11,13.05,13.25,13.05,12.95,8423.59,-0.09,-0.69,12.902,12.664,13.291,15474.85,16105.06,13731.56,0.46
2012/12/12,12.95,13.26,13.1,12.95,7514.84,0.05,0.38,12.946,12.746,13.211,12042.13,15371.61,13587.04,0.41
2012/12/13,13.13,13.24,12.8,12.8,11454.72,-0.3,-2.29,12.986,12.83,13.123,12203.22,15118.28,13892.7,0.62
2012/12/14,12.81,13.34,13.29,12.81,23374.17,0.49,3.83,13.076,12.896,13.102,13595.64,15188.67,14260.79,1.26
2012/12/17,13.29,13.29,13.06,13,14645.47,-0.23,-1.73,13.06,12.936,13.057,13082.56,14900.47,14234.81,0.79
2012/12/18,12.96,13.19,12.62,12.5,28428.26,-0.44,-3.37,12.974,12.938,12.981,17083.49,16279.17,15127.36,1.54
2012/12/19,12.7,12.76,12.7,12.31,21069.43,0.08,0.63,12.894,12.92,12.909,19794.41,15918.27,15827.62,1.14
2012/12/20,12.69,12.79,12.68,12.35,19830.81,-0.02,-0.16,12.87,12.928,12.846,21469.63,16836.43,16583.65,1.07
2012/12/21,12.65,13.45,13.3,12.65,50477.56,0.62,4.89,12.872,12.974,12.816,26890.31,20242.97,18745.07,2.73
2012/12/24,13.2,14.06,13.99,13.2,46059.54,0.69,5.19,13.058,13.059,12.838,33173.12,23127.84,20379.25,2.49
2012/12/25,13.89,14.25,13.99,13.7,30812.25,0,0,13.332,13.153,12.909,33649.92,25366.71,20735.88,1.67
2012/12/26,13.98,14.16,14,13.82,27518.65,0.01,0.07,13.592,13.243,12.995,34939.76,27367.09,21369.35,1.49
2012/12/27,14,14.15,14.06,13.8,21909.61,0.06,0.43,13.868,13.369,13.1,35355.52,28412.58,21765.43,1.18
2012/12/28,13.99,14.66,14.5,13.9,33185.3,0.44,3.13,14.108,13.49,13.193,31897.07,29393.69,22291.18,1.79
2012/12/31,14.45,14.5,14.47,14.22,20214.73,-0.03,-0.21,14.204,13.631,13.284,26728.11,29950.61,22425.54,1.09
2013/1/4,14.47,14.78,14.28,14.22,20937.95,-0.19,-1.31,14.262,13.797,13.368,24753.25,29201.58,22740.38,1.13
2013/1/7,14.2,14.27,14.1,13.91,24959.62,-0.18,-1.26,14.282,13.937,13.429,24241.44,29590.6,22754.44,1.35
2013/1/8,14.03,15.35,15.23,14.03,47383.2,1.13,8.01,14.516,14.192,13.56,29336.16,32345.84,24591.13,2.56
2013/1/9,15.2,15.5,15.17,15,27360.48,-0.06,-0.39,14.65,14.379,13.677,28171.2,30034.13,25138.55,1.48
2013/1/10,15.17,16.69,16.16,15.15,66897.08,0.99,6.53,14.988,14.596,13.828,37507.67,32117.89,27622.86,3.62
2013/1/14,16,16.42,16.12,14.87,86688.68,-0.04,-0.25,15.356,14.809,13.981,50657.81,37705.53,31536.12,4.69
2013/1/15,16.12,16.19,16,15.65,56877.25,-0.12,-0.74,15.736,15.009,14.126,57041.34,40641.39,34004.24,3.08
2013/1/16,16,16.98,16.9,16,97726.37,0.9,5.62,16.07,15.293,14.331,67109.97,48223.07,38317.82,5.29
2013/1/17,16.9,17.26,16.46,16.41,45321.86,-0.44,-2.6,16.328,15.489,14.49,70702.25,49436.72,39415.21,2.45
2013/1/18,16.4,16.97,16.74,16.4,34905.44,0.28,1.7,16.444,15.716,14.674,64303.92,50905.79,40428.2,1.89
2013/1/21,16.88,16.88,16.39,15.96,47557.03,-0.35,-2.09,16.498,15.927,14.862,56477.59,53567.7,41384.64,2.57
2013/1/22,16.31,16.6,16.04,15.89,25101.25,-0.35,-2.13,16.506,16.121,15.029,50122.39,53581.86,41586.23,1.36
2013/1/23,16.03,16.36,16.05,15.88,30034.24,0.01,0.06,16.336,16.203,15.198,36583.96,51846.97,42096.4,1.62
2013/1/24,16,16.05,15.24,14.98,53069.61,-0.81,-5.05,16.092,16.21,15.295,38133.51,54417.88,42226.01,2.87
2013/1/25,15.24,15.61,15.45,15.01,22494.97,0.21,1.38,15.834,16.139,15.368,35651.42,49977.67,41047.78,1.22
2013/1/28,15.58,16.91,16.8,15.55,74494.05,1.35,8.74,15.916,16.207,15.508,41038.82,48758.21,43231.87,4.03
2013/1/29,16.9,17,16.87,16.52,49716.32,0.07,0.42,16.082,16.294,15.652,45961.84,48042.11,44341.75,2.69
2013/1/30,17.18,17.46,16.95,16.86,60118.89,0.08,0.47,16.262,16.299,15.796,51978.77,44281.37,46252.22,3.25
2013/1/31,16.95,18.57,18.29,16.95,91697.06,1.34,7.91,16.872,16.482,15.986,59704.26,48918.89,49177.8,4.96
2013/2/1,18.36,20,19.66,18.26,120169.42,1.37,7.49,17.714,16.774,16.245,79239.15,57445.28,54175.54,6.5
2013/2/4,19.79,20.01,19.12,18.8,64469.47,-0.54,-2.75,18.178,17.047,16.487,77234.23,59136.53,56352.11,3.49
2013/2/5,19.01,19.97,19.89,18.88,59488.09,0.77,4.03,18.782,17.432,16.777,79188.59,62575.21,58078.54,3.22
2013/2/6,19.85,21,20.72,19.82,81580.55,0.83,4.17,19.536,17.899,17.051,83480.92,67729.84,59788.41,4.41
2013/2/7,20.52,21.79,21.37,20.41,49664.04,0.65,3.14,20.152,18.512,17.361,75074.31,67389.29,60903.58,2.69
2013/2/8,21.3,22.98,22.98,21.15,52153.02,1.61,7.53,20.816,19.265,17.702,61471.03,70355.09,60166.38,2.82
2013/2/18,22.95,23.38,22.95,22.31,56427.06,-0.03,-0.13,21.582,19.88,18.044,59862.55,68548.39,58653.3,3.05
2013/2/21,22.79,24.6,22.4,20.66,115231.07,-0.55,-2.4,22.084,20.433,18.364,71011.15,75099.87,61570.99,6.23
2013/2/22,23.21,23.69,22.99,22.12,71715.06,0.59,2.63,22.538,21.037,18.668,69038.05,76259.48,60270.43,3.88
2013/2/25,22.39,22.66,20.78,20.69,148787.19,-2.21,-9.61,22.42,21.286,18.884,88862.68,81968.5,65443.69,8.05
2013/2/26,19.67,20.27,18.75,18.75,124013.53,-2.03,-9.77,21.574,21.195,18.985,103234.78,82352.91,69899.1,6.71
2013/2/27,18.66,19.8,19.37,18.53,86019.93,0.62,3.31,20.858,21.22,19.134,109153.36,84507.95,71822.24,4.65
2013/2/28,19.4,19.9,19.64,18.87,68433.56,0.27,1.39,20.306,21.195,19.314,99793.85,85402.5,73988.86,3.7
2013/3/1,19.66,21.6,21.6,19.3,101412.57,1.96,9.98,20.028,21.283,19.591,105733.36,87385.7,77557.77,5.49
2013/3/11,19.46,19.95,19.44,19.44,27903,-2.16,-10,19.76,21.09,19.801,81556.52,85209.6,76299.44,1.51
2013/3/12,17.88,19.8,18.65,17.75,141975.66,-0.79,-4.06,19.74,20.657,19.961,85148.94,94191.86,82273.48,7.68
2013/3/13,18.15,18.65,18.53,18.05,57557.07,-0.12,-0.64,19.572,20.215,20.048,79456.37,94304.86,81426.63,3.11
2013/3/14,18.4,18.52,17.73,17.66,58171.85,-0.8,-4.32,19.19,19.748,20.091,77404.03,88598.94,81849.4,3.15
2013/3/15,17.63,18.35,17.92,17.63,55940.68,0.19,1.07,18.454,19.241,20.139,68309.65,87021.5,81640.49,3.03
2013/3/18,18,19.26,19.16,18,66644.86,1.24,6.92,18.398,19.079,20.183,76058.02,78807.27,80387.88,3.61
2013/3/19,19.17,19.6,19.08,18.71,44817.32,-0.08,-0.42,18.484,19.112,20.154,56626.36,70887.65,76620.28,2.42
2013/3/20,19.2,19.42,19.25,18.73,45523.23,0.17,0.89,18.628,19.1,20.16,54219.59,66837.98,75672.97,2.46
2013/3/21,19.29,19.56,19.06,18.87,69422.81,-0.19,-0.99,18.894,19.042,20.119,56469.78,66936.91,76169.7,3.76
2013/3/22,18.7,18.72,17.28,17.15,220959.95,-1.78,-9.34,18.766,18.61,19.947,89473.63,78891.64,83138.67,11.95
2013/3/25,16.95,17.49,17.21,16.53,142409.33,-0.07,-0.41,18.376,18.387,19.739,104626.53,90342.28,87775.94,7.7
2013/3/26,16.86,17.21,17,16.75,68908.19,-0.21,-1.22,17.96,18.222,19.44,109444.7,83035.53,88613.7,3.73
2013/3/27,17,17.15,16.39,16.21,129041.17,-0.61,-3.59,17.388,18.008,19.112,126148.29,90183.94,92244.4,6.98
2013/3/28,16.29,16.29,15.9,15.8,69501.21,-0.49,-2.99,16.756,17.825,18.787,126163.97,91316.88,89957.91,3.76
2013/3/29,15.83,16.62,15.78,15.72,63359.96,-0.12,-0.76,16.456,17.611,18.426,94643.97,92058.8,89540.15,3.43
2013/4/1,15.8,16.55,16.26,15.74,59301.38,0.48,3.04,16.266,17.321,18.2,78022.38,91324.45,85065.86,3.21
2013/4/2,16.2,16.42,16.18,15.89,38132.27,-0.08,-0.49,16.102,17.031,18.072,71867.2,90655.95,80771.8,2.06
2013/4/3,16.22,16.22,15.94,15.5,46042.52,-0.24,-1.48,16.012,16.7,17.9,55267.47,90707.88,78772.93,2.49
2013/4/8,15.58,16.35,16.09,15.23,48516.28,0.15,0.94,16.05,16.403,17.723,51070.48,88617.23,77777.07,2.62
2013/4/9,16.06,16.55,16.4,16.02,46711.54,0.31,1.93,16.174,16.315,17.463,47740.8,71192.38,75042.01,2.53
2013/4/10,16.31,16.91,16.65,16.24,61942.57,0.25,1.52,16.252,16.259,17.323,48269.04,63145.71,76743.99,3.35
2013/4/11,16.8,16.83,16.4,16.4,36733.43,-0.25,-1.5,16.296,16.199,17.211,47989.27,59928.23,71481.88,1.99
2013/4/12,16.31,16.66,16.28,16.21,23027.72,-0.12,-0.73,16.364,16.188,17.098,43386.31,49326.89,69755.41,1.25
2013/4/15,15.91,15.95,15.51,15.25,39787.84,-0.77,-4.73,16.248,16.149,16.987,41640.62,46355.55,68836.21,2.15
2013/4/16,14.75,15.15,14.91,14.68,62762.49,-0.6,-3.87,15.95,16.062,16.837,44850.81,46295.8,69177.3,3.4
2013/4/17,15,15.5,15.41,14.96,45865.18,0.5,3.35,15.702,15.977,16.649,41635.33,44952.18,68138.32,2.48
2013/4/18,15.28,15.45,15.25,15.01,29784.13,-0.16,-1.04,15.472,15.884,16.458,40245.47,44117.37,67386.66,1.61
2013/4/19,15.28,15.79,15.6,15.2,38394.11,0.35,2.29,15.336,15.85,16.275,43318.75,43352.53,67030.2,2.08
2013/4/22,15.18,16.58,16.47,15.12,88425.59,0.87,5.58,15.528,15.888,16.146,53046.3,47343.46,67980.34,4.78
2013/4/23,16.26,16.79,16.37,16.19,61161.28,-0.1,-0.61,15.82,15.885,16.1,52726.06,48788.43,59990.41,3.31
2013/4/24,16.39,17.26,17.05,16.39,87588.46,0.68,4.15,16.148,15.925,16.092,61070.71,51353.02,57249.37,4.74
2013/4/25,16.99,17.3,16.95,16.3,70597.37,-0.1,-0.59,16.488,15.98,16.09,69233.36,54739.42,57333.83,3.82
2013/4/26,16.75,16.98,16.2,16.2,34524.76,-0.75,-4.42,16.608,15.972,16.08,68459.49,55889.12,52608,1.87
2013/5/2,16.15,16.45,15.88,15.88,27100.51,-0.32,-1.98,16.49,16.009,16.079,56194.48,54620.39,50487.97,1.47
2013/5/3,16.1,16.25,16.08,15.94,27617.22,0.2,1.26,16.432,16.126,16.094,49485.66,51105.86,48700.83,1.49
2013/5/6,16.08,16.76,16.69,16,34780.93,0.61,3.79,16.36,16.254,16.116,38924.16,49997.44,47474.81,1.88
2013/5/7,16.69,17.18,17.18,16.6,57035.23,0.49,2.94,16.406,16.447,16.166,36211.73,52722.55,48419.96,3.09
2013/5/8,17.05,17.49,17.02,16.93,51015.33,-0.16,-0.93,16.57,16.589,16.22,39509.84,53984.67,48668.6,2.76
2013/5/9,17.03,17.2,17.04,16.64,35979.23,0.02,0.12,16.802,16.646,16.267,41285.59,48740.03,48041.75,1.95
2013/5/10,17.05,17.33,17.3,16.85,33746.57,0.26,1.53,17.046,16.739,16.312,42511.46,45998.56,47393.5,1.83
2013/5/13,17.3,17.81,17.48,17.3,41216.17,0.18,1.04,17.204,16.782,16.354,43798.51,41361.33,46357.18,2.23
2013/5/14,17.5,17.76,17.48,17.22,31229.23,0,0,17.264,16.835,16.408,38637.31,37424.52,46081.97,1.69
2013/5/15,17.5,18.18,18.09,17.5,55102.11,0.61,3.49,17.478,17.024,16.498,39454.66,39482.25,47685.69,2.98
2013/5/16,17.91,18.64,18.12,17.9,60813.9,0.03,0.17,17.694,17.248,16.629,44421.6,42853.59,48736.99,3.29
2013/5/17,18.13,18.45,18.36,17.5,72587.36,0.24,1.32,17.906,17.476,16.801,52189.75,47350.61,49228.23,3.93
2013/5/20,18.61,18.97,18.78,18.18,76002.04,0.42,2.29,18.166,17.685,16.97,59146.93,51472.72,50735.08,4.11
2013/5/21,18.78,19.32,19.29,18.51,66523.07,0.51,2.72,18.528,17.896,17.172,66205.7,52421.5,52572.02,3.6
2013/5/22,19.48,19.48,18.79,18.69,53107.67,-0.5,-2.59,18.668,18.073,17.331,65806.81,52630.74,53307.7,2.87
2013/5/23,18.8,18.97,18.4,18.22,43924.3,-0.39,-2.08,18.724,18.209,17.428,62428.89,53425.24,51082.64,2.38
2013/5/24,18.41,18.6,18.1,17.85,45870.13,-0.3,-1.63,18.672,18.289,17.514,57085.44,54637.6,50318.08,2.48
2013/5/27,18,18.72,18.72,18,46344.74,0.62,3.42,18.66,18.413,17.598,51153.98,55150.45,48255.89,2.51
2013/5/28,18.4,18.48,17.29,16.85,177372.27,-1.43,-7.64,18.26,18.394,17.615,73323.82,69764.76,53594.64,9.6
2013/5/29,17.05,17.09,16.85,16.7,89078.66,-0.44,-2.54,17.872,18.27,17.647,80518.02,73162.41,56322.33,4.82
2013/5/30,16.78,17.37,17,16.74,65505.92,0.15,0.89,17.592,18.158,17.703,84834.34,73631.62,58242.6,3.54
2013/5/31,17.06,17.2,16.99,16.79,52141.72,-0.01,-0.06,17.37,18.021,17.749,86088.66,71587.05,59468.83,2.82
2013/6/3,16.91,17.08,16.64,16.5,42219.37,-0.35,-2.06,16.954,17.807,17.746,85263.59,68208.79,59840.75,2.28
2013/6/4,16.6,16.7,16.1,15.66,54558.16,-0.54,-3.25,16.716,17.488,17.692,60700.77,67012.29,59716.9,2.95
2013/6/5,16,16.36,16.3,15.8,26680.48,0.2,1.24,16.606,17.239,17.656,48221.13,64369.58,58500.16,1.44
2013/6/6,16.36,16.98,16.75,16.36,44119.93,0.45,2.76,16.556,17.074,17.642,43943.93,64389.14,58907.19,2.39
2013/6/7,16.78,16.98,16.48,16.25,24646,-0.27,-1.61,16.454,16.912,17.601,38444.79,62266.73,58452.16,1.33
2013/6/13,16.18,16.45,16.39,15.15,36531.48,-0.09,-0.55,16.404,16.679,17.546,37307.21,61285.4,58217.93,1.98
2013/6/14,16.35,16.72,16.51,16.2,23714.59,0.12,0.73,16.486,16.601,17.498,31138.5,45919.63,57842.2,1.28
2013/6/17,16.51,16.69,16.45,16.1,24886.72,-0.06,-0.36,16.516,16.561,17.416,30779.74,39500.44,56331.43,1.35
2013/6/18,16.38,16.45,15.99,15.66,26596.59,-0.46,-2.8,16.364,16.46,17.309,27275.08,35609.5,54620.56,1.44
2013/6/19,15.8,15.98,15.75,15.44,26637.48,-0.24,-1.5,16.218,16.336,17.179,27673.37,33059.08,52323.07,1.44
2013/6/20,15.75,15.75,15.11,15.11,24520.64,-0.64,-4.06,15.962,16.183,16.995,25271.2,31289.21,49749,1.33
2013/6/21,15,15.09,15.09,14.22,34953,-0.02,-0.13,15.678,16.082,16.785,27518.89,29328.69,48170.49,1.89
2013/6/24,15.01,15.05,13.8,13.61,24599.45,-1.29,-8.55,15.148,15.832,16.536,27461.43,29120.59,46745.08,1.33
2013/6/25,13.6,13.9,13.38,12.42,69015.3,-0.42,-3.04,14.626,15.495,16.285,35945.17,31610.13,47999.63,3.73
2013/6/26,12.98,13.23,13,12.5,50868.55,-0.38,-2.84,14.076,15.147,16.03,40791.39,34232.38,48249.55,2.75
2013/6/27,12.96,13.46,12.9,12.8,42058.38,-0.1,-0.77,13.634,14.798,15.739,44298.94,34785.07,48035.23,2.28
2013/6/28,13.02,13.43,13.25,13.02,35851.15,0.35,2.71,13.266,14.472,15.537,44478.57,35998.73,40959.18,1.94
2013/7/1,13.25,14.16,13.93,13.15,38718.39,0.68,5.13,13.292,14.22,15.391,47302.35,37381.89,38441.17,2.09
2013/7/2,13.7,14.52,14.13,13.7,33638.03,0.2,1.44,13.442,14.034,15.247,40226.9,38086.04,36847.77,1.82
2013/7/3,14.56,15.15,14.82,14.3,71526.64,0.69,4.88,13.806,13.941,15.139,44358.52,42574.95,37817.02,3.87
2013/7/4,14.69,14.85,14.7,14.53,32622.99,-0.12,-0.81,14.166,13.9,15.042,42471.44,43385.19,37337.2,1.77
2013/7/5,14.56,14.75,14.39,14,22407.32,-0.31,-2.11,14.394,13.83,14.956,39782.67,42130.62,35729.66,1.21
2013/7/8,14,14.2,13.67,13.65,17329.03,-0.72,-5,14.342,13.817,14.825,35504.8,41403.58,35262.08,0.94
2013/7/9,13.53,13.89,13.5,13.48,12763.53,-0.17,-1.24,14.216,13.829,14.662,31329.9,35778.4,33694.26,0.69
2013/7/10,13.5,14.28,14.25,13.48,35904.78,0.75,5.56,14.102,13.954,14.551,24205.53,34282.02,34257.2,1.94
2013/7/11,14.5,14.55,14.39,14.16,40151.75,0.14,0.98,14.04,14.103,14.451,25711.28,34091.36,34438.22,2.17
2013/7/12,14.34,14.5,13.89,13.89,27420.29,-0.5,-3.48,13.94,14.167,14.32,26713.88,33248.28,34623.5,1.48
2013/7/15,13.98,14.47,14.36,13.9,43916.45,0.47,3.38,14.078,14.21,14.215,32031.36,33768.08,35574.99,2.38
2013/7/16,14.32,14.44,14.37,14.17,23699.81,0.01,0.07,14.252,14.234,14.134,34218.62,32774.26,35430.15,1.28
2013/7/17,14.37,14.4,14.01,14,24459.79,-0.36,-2.5,14.204,14.153,14.047,31929.62,28067.57,35321.26,1.32
2013/7/18,14.1,14.31,14.14,13.71,24969.41,0.13,0.93,14.154,14.097,13.999,28893.15,27302.22,35343.7,1.35
2013/7/19,14.1,14.42,14.11,14.09,24543.43,-0.03,-0.21,14.198,14.069,13.95,28317.78,27515.83,34823.22,1.33
2013/7/22,14.04,15.28,15,14.01,73412.15,0.89,6.31,14.326,14.202,14.01,34216.92,33124.14,37263.86,3.97
2013/7/23,15.13,15.65,15.65,14.88,122076.4,0.65,4.33,14.582,14.417,14.123,53892.24,44055.43,39916.91,6.6
2013/7/24,15.6,15.88,15.5,15.26,67044.96,-0.15,-0.96,14.88,14.542,14.248,62409.27,47169.44,40725.73,3.63
2013/7/25,15.58,15.78,15,14.9,24081.44,-0.5,-3.23,15.052,14.603,14.353,62231.68,45562.41,39826.89,1.3
2013/7/26,15.02,15.08,14.86,14.53,21062.66,-0.14,-0.93,15.202,14.7,14.434,61535.52,44926.65,39087.46,1.14
2013/7/29,14.67,14.9,14.4,14.3,17317.89,-0.46,-3.1,15.082,14.704,14.457,50316.67,42266.79,38017.44,0.94
2013/7/30,14.21,14.69,14.36,14.21,14391.27,-0.04,-0.28,14.824,14.703,14.469,28779.64,41335.94,37055.1,0.78
2013/7/31,14.33,14.65,14.33,14.16,15062.95,-0.03,-0.21,14.59,14.735,14.444,18383.24,40396.26,34231.91,0.81
2013/8/1,14.35,14.99,14.6,14.35,27731.79,0.27,1.88,14.51,14.781,14.439,19113.31,40672.49,33987.35,1.5
2013/8/2,14.7,14.8,14.57,14.37,17508.67,-0.03,-0.2,14.452,14.827,14.448,18402.51,39969.02,33742.42,0.95
2013/8/5,14.57,14.95,14.68,14.57,19224.63,0.11,0.76,14.508,14.795,14.499,18783.86,34550.27,33837.2,1.04
2013/8/6,14.98,15.05,14.94,14.69,27560.61,0.26,1.77,14.624,14.724,14.571,21417.73,25098.69,34577.06,1.49
2013/8/7,14.95,15,14.77,14.72,18342.47,-0.17,-1.14,14.712,14.651,14.597,22073.63,20228.44,33698.94,0.99
2013/8/8,14.73,14.9,14.7,14.5,19787.31,-0.07,-0.47,14.732,14.621,14.612,20484.74,19799.03,32680.72,1.07
2013/8/9,14.77,14.98,14.9,14.53,41368.83,0.2,1.36,14.798,14.625,14.663,25256.77,21829.64,33378.15,2.24
2013/8/12,14.3,14.3,13.93,13.44,76535.44,-0.97,-6.51,14.648,14.578,14.641,36718.93,27751.4,35009.1,4.14
2013/8/13,13.79,14.07,13.84,13.71,46038.6,-0.09,-0.65,14.428,14.526,14.615,40414.53,30916.13,36126.04,2.49
2013/8/14,13.85,13.96,13.88,13.76,24317.09,0.04,0.29,14.25,14.481,14.608,41609.45,31841.54,36118.9,1.32
2013/8/15,13.86,13.86,13.26,13.23,45874.75,-0.62,-4.47,13.962,14.347,14.564,46826.94,33655.84,37164.17,2.48
2013/8/16,13.19,13.45,13.18,13.05,38894.88,-0.08,-0.6,13.618,14.208,14.518,46332.15,35794.46,37881.74,2.1
2013/8/19,13.09,13.47,13.42,12.95,21079.51,0.24,1.82,13.516,14.082,14.439,35240.97,35979.95,35265.11,1.14
2013/8/20,13.45,13.45,13.34,13.2,16746.62,-0.08,-0.6,13.416,13.922,14.323,29382.57,34898.55,29998.62,0.91
2013/8/21,13.2,13.38,13.28,13.1,15270.4,-0.06,-0.45,13.296,13.773,14.212,27573.23,34591.34,27409.89,0.83
2013/8/22,13.28,13.32,13.29,13.21,20426.35,0.01,0.07,13.302,13.632,14.127,22483.55,34655.25,27227.14,1.11
2013/8/23,13.33,13.59,13.35,13.16,18442.33,0.06,0.45,13.336,13.477,14.051,18393.04,32362.6,27096.12,1
2013/8/26,13.44,13.45,13.43,13.25,25364.99,0.08,0.6,13.338,13.427,14.003,19250.14,27245.55,27498.47,1.37
2013/8/27,13.44,13.5,13.5,13.32,26342.48,0.07,0.52,13.37,13.393,13.96,21169.31,25275.94,28096.03,1.43
2013/8/28,13.39,13.79,13.56,13.36,32149.91,0.06,0.44,13.426,13.361,13.921,24545.21,26059.22,28950.38,1.74
2013/8/29,13.55,14.59,14.41,13.43,101678.52,0.85,6.27,13.65,13.476,13.912,40795.65,31639.6,32647.72,5.5
2013/8/30,14.52,14.52,14.3,13.86,52101.86,-0.11,-0.76,13.84,13.588,13.898,47527.55,32960.3,34377.38,2.82
2013/9/2,14.37,14.38,13.97,13.88,23002.62,-0.33,-2.31,13.948,13.643,13.863,47055.08,33152.61,34566.28,1.24
2013/9/3,14.02,14.16,14.07,13.86,18968.84,0.1,0.72,14.062,13.716,13.819,45580.35,33374.83,34136.69,1.03
2013/9/4,14.11,14.16,13.98,13.93,22544.81,-0.09,-0.64,14.146,13.786,13.78,43659.33,34102.27,34346.81,1.22
2013/9/5,13.95,14.15,14.15,13.83,22508.67,0.17,1.22,14.094,13.872,13.752,27825.36,34310.5,34482.87,1.22
2013/9/6,14.18,15.14,14.34,14.15,92221.71,0.19,1.34,14.102,13.971,13.724,35849.33,41688.44,37025.52,4.99
2013/9/9,14.32,14.48,14.11,14.08,32167.44,-0.23,-1.6,14.13,14.039,13.733,37682.29,42368.69,34807.12,1.74
2013/9/10,14.55,14.55,14.15,14.09,20656.8,0.04,0.28,14.146,14.104,13.749,38019.89,41800.12,33538.03,1.12
2013/9/11,14.16,14.24,14.24,13.82,27407.33,0.09,0.64,14.198,14.172,13.767,38992.39,41325.86,33692.54,1.48
2013/9/12,14.19,14.83,14.27,14.1,74986.12,0.03,0.21,14.222,14.158,13.817,49487.88,38656.62,35148.11,4.06
2013/9/13,14.19,14.45,14.33,13.98,24737.91,0.06,0.42,14.22,14.161,13.875,35991.12,35920.23,34440.26,1.34
2013/9/16,14.29,14.65,14.54,14.29,37331.58,0.21,1.47,14.306,14.218,13.931,37023.95,37353.12,35252.86,2.02
2013/9/17,14.55,14.63,14.19,14.15,20513.21,-0.35,-2.41,14.314,14.23,13.973,36995.23,37507.56,35441.19,1.11
2013/9/18,14.19,14.3,14.27,14.06,12836.03,0.08,0.56,14.32,14.259,14.023,34080.97,36536.68,35319.48,0.69
2013/9/23,14.26,14.47,14.29,14.15,29454.04,0.02,0.14,14.324,14.273,14.073,24974.55,37231.22,35770.86,1.59
2013/9/24,14.34,14.55,14.4,14.23,33552.71,0.11,0.77,14.338,14.279,14.125,26737.51,31364.32,36526.38,1.82
2013/9/25,14.4,14.54,14,13.9,27588.38,-0.4,-2.78,14.23,14.268,14.154,24788.87,30906.41,36637.55,1.49
2013/9/26,13.98,13.98,13.26,13.03,36053.54,-0.74,-5.29,14.044,14.179,14.142,27896.94,32446.09,37123.1,1.95
2013/9/27,13.28,13.52,13.49,13.23,17450.05,0.23,1.74,13.888,14.104,14.138,28819.74,31450.36,36388.11,0.94
2013/9/30,13.6,13.6,13.41,13.35,10956.18,-0.08,-0.59,13.712,14.018,14.088,25120.17,25047.36,31851.99,0.59
2013/10/8,13.41,13.82,13.75,13.31,16557.29,0.34,2.54,13.582,13.96,14.061,21721.09,24229.3,30074.76,0.9
2013/10/9,14,14.35,14.28,13.8,35112.66,0.53,3.85,13.638,13.934,14.076,23225.94,24007.41,30680.27,1.9
2013/10/10,14.25,14.48,14.36,14.17,33422.8,0.08,0.56,13.858,13.951,14.091,22699.8,25298.37,31402.96,1.81
2013/10/11,14.38,14.44,14.38,14.26,25445.44,0.02,0.14,14.036,13.962,14.111,24298.87,26559.31,31547.99,1.38
2013/10/14,14.38,14.62,14.56,14.25,36007.43,0.18,1.25,14.266,13.989,14.131,29309.12,27214.65,32222.93,1.95
2013/10/15,14.57,14.6,14.58,14.45,22511.47,0.02,0.14,14.432,14.007,14.143,30499.96,26110.52,28737.42,1.22
2013/10/16,14.6,14.6,14.38,14.25,18754.58,-0.2,-1.37,14.452,14.045,14.157,27228.34,25227.14,28066.78,1.01
2013/10/17,14.38,14.75,14.7,14.31,24311.82,0.32,2.23,14.52,14.189,14.184,25406.15,24052.97,28249.53,1.32
2013/10/18,14.7,15.05,14.7,14.57,33547.24,0,0,14.584,14.31,14.207,27026.51,25662.69,28556.52,1.82
2013/10/21,14.69,14.9,14.78,14.53,47919.62,0.08,0.54,14.628,14.447,14.233,29408.95,29359.03,27203.2,2.59
2013/10/22,14.78,15.44,15.41,14.73,61758.93,0.63,4.26,14.794,14.613,14.287,37258.44,33879.2,29054.25,3.34
2013/10/23,15.44,15.95,15.49,15.23,57885.23,0.08,0.52,15.016,14.734,14.334,45084.57,36156.46,30081.93,3.13
2013/10/24,15.5,15.55,15.2,15.06,26179.53,-0.29,-1.87,15.116,14.818,14.385,45458.11,35432.13,30365.25,1.42
2013/10/25,15.38,15.69,15.3,15.11,24501.71,0.1,0.66,15.236,14.91,14.436,43649,35337.76,30948.53,1.33
2013/10/28,15.3,15.4,14.83,13.9,26870.94,-0.47,-3.07,15.246,14.937,14.463,39439.27,34424.11,30819.38,1.45
2013/10/29,14.71,14.75,14.5,13.9,26962.95,-0.33,-2.23,15.064,14.929,14.468,32480.07,34869.26,30489.89,1.46
2013/10/30,14.5,14.75,14.69,14.25,13377.89,0.19,1.31,14.904,14.96,14.503,23578.6,34331.59,29779.37,0.72
2013/10/31,14.67,14.77,14.63,14.26,14503.35,-0.06,-0.41,14.79,14.953,14.571,21243.37,33350.74,28701.86,0.78
2013/11/1,14.38,14.75,14.68,14.38,9480.42,0.05,0.34,14.666,14.951,14.631,18239.11,30944.06,28303.37,0.51
2013/11/4,14.68,14.68,14.62,14.4,9035.09,-0.06,-0.41,14.624,14.935,14.691,14671.94,27055.6,28207.32,0.49
2013/11/5,14.51,14.76,14.73,14.51,7084.24,0.11,0.75,14.67,14.867,14.74,10696.2,21588.14,27733.67,0.38
2013/11/6,14.65,14.85,14.67,14.56,8813.09,-0.06,-0.41,14.666,14.785,14.76,9783.24,16680.92,26418.69,0.48
2013/11/7,14.63,14.7,14.53,14.38,8910.74,-0.14,-0.95,14.646,14.718,14.768,8664.72,14954.04,25193.09,0.48
2013/11/8,14.59,14.65,14.6,13.8,14002.59,0.07,0.48,14.63,14.648,14.779,9569.15,13904.13,24620.94,0.76
2013/11/11,14.5,14.5,14.08,13.96,12272.62,-0.52,-3.56,14.522,14.573,14.755,10216.66,12444.3,23434.2,0.66
2013/11/12,15.15,15.15,14.17,14.02,14339.48,0.09,0.64,14.41,14.54,14.735,11667.7,11181.95,23025.6,0.78
2013/11/13,14.03,14.2,14.05,13.71,17680.17,-0.12,-0.85,14.286,14.476,14.718,13441.12,11612.18,22971.88,0.96
2013/11/14,13.78,14.05,14.05,13.76,10019.96,0,0,14.19,14.418,14.686,13662.96,11163.84,22257.29,0.54
2013/11/15,13.84,14.39,14.29,13.84,13464.39,0.24,1.71,14.128,14.379,14.665,13555.32,11562.24,21253.15,0.73
2013/11/18,14.06,14.4,14.29,14.06,12613.05,0,0,14.17,14.346,14.641,13623.41,11920.03,19487.82,0.68
2013/11/19,14.67,14.67,14.29,14.1,15847.44,0,0,14.194,14.302,14.585,13925,12796.35,17192.24,0.86
2013/11/20,14.22,14.27,14.2,13.99,16310.53,-0.09,-0.63,14.224,14.255,14.52,13651.07,13546.1,15113.51,0.88
2013/11/21,14.11,14.11,14.01,13.91,13521.74,-0.19,-1.34,14.216,14.203,14.461,14351.43,14007.2,14480.62,0.73
2013/11/22,14.03,14.16,14.15,13.78,15087.35,0.14,1,14.188,14.158,14.403,14676.02,14115.67,14009.9,0.82
2013/11/25,14,14.15,14.15,13.96,10064.15,0,0,14.16,14.165,14.369,14166.24,13894.83,13169.56,0.54
2013/11/26,14.3,14.3,14.14,14.01,7747.98,-0.01,-0.07,14.13,14.162,14.351,12546.35,13235.68,12208.81,0.42
2013/11/27,14.08,14.48,14.33,14.07,56417.44,0.19,1.34,14.156,14.19,14.333,20567.73,17109.4,14360.79,3.05
2013/11/28,14.24,14.42,14.23,14.05,26930,-0.1,-0.7,14.2,14.208,14.313,23249.38,18800.41,14982.12,1.46
2013/11/29,14.22,14.28,14.16,14.07,14309,-0.07,-0.49,14.202,14.195,14.287,23093.71,18884.87,15223.55,0.77
2013/12/2,14.01,14.01,13.35,13.2,23943.8,-0.81,-5.72,14.042,14.101,14.224,25869.64,20017.94,15968.99,1.3
2013/12/3,13.35,13.54,13.39,13.06,18980.43,0.04,0.3,13.892,14.011,14.157,28116.13,20331.24,16563.8,1.03
2013/12/4,13.44,13.75,13.64,13.21,27773.63,0.25,1.87,13.754,13.955,14.105,22387.37,21477.55,17511.82,1.5
2013/12/5,13.59,13.75,13.6,13.4,15779.82,-0.04,-0.29,13.628,13.914,14.059,20157.34,21703.36,17855.28,0.85
2013/12/6,13.5,13.7,13.57,13.5,8169.82,-0.03,-0.22,13.51,13.856,14.007,18929.5,21011.61,17563.64,0.44
2013/12/9,13.49,13.69,13.57,13.49,10706.51,0,0,13.554,13.798,13.982,16282.04,21075.84,17485.33,0.58
2013/12/10,13.58,13.84,13.78,13.38,16352.05,0.21,1.55,13.632,13.762,13.962,15756.37,21936.25,17585.96,0.88
2013/12/11,13.65,13.66,13.49,13.42,9158.53,-0.29,-2.1,13.602,13.678,13.934,12033.35,17210.36,17159.88,0.5
2013/12/12,13.88,13.88,13.58,13.41,11399.22,0.09,0.67,13.598,13.613,13.911,11157.23,15657.28,17228.84,0.62
2013/12/13,13.6,13.83,13.43,13.35,13828.79,-0.15,-1.1,13.57,13.54,13.868,12289.02,15609.26,17247.06,0.75
2013/12/16,13.38,13.46,13.2,13.19,10837.12,-0.23,-1.71,13.496,13.525,13.813,12315.14,14298.59,17158.27,0.59
2013/12/17,13.3,13.3,13.2,13.07,9489.3,0,0,13.38,13.506,13.759,10942.59,13349.48,16840.36,0.51
2013/12/18,13.12,13.2,13.06,13,8896.25,-0.14,-1.06,13.294,13.448,13.702,10890.14,11461.74,16469.65,0.48
2013/12/19,13.08,13.2,13,12.88,9201.23,-0.06,-0.46,13.178,13.388,13.651,10450.54,10803.88,16253.62,0.5
2013/12/20,13.04,13.31,13.2,12.53,21198.2,0.2,1.54,13.132,13.351,13.604,11924.42,12106.72,16559.16,1.15
2013/12/23,13.15,13.22,12.9,12.86,12838.22,-0.3,-2.27,13.072,13.284,13.541,12324.64,12319.89,16697.87,0.69
2013/12/24,12.92,13.13,13,12.84,9320.41,0.1,0.78,13.032,13.206,13.484,12290.86,11616.73,16776.49,0.5
2013/12/25,12.99,13.02,12.91,12.88,9282.51,-0.09,-0.69,13.002,13.148,13.413,12368.11,11629.13,14419.74,0.5
2013/12/26,12.91,13,13,12.72,9434.23,0.09,0.7,13.002,13.09,13.352,12414.71,11432.63,13544.95,0.51
2013/12/27,12.9,13.04,13,12.8,9177.24,0,0,12.962,13.047,13.294,10010.52,10967.47,13288.37,0.5
2013/12/30,13,13.23,13.15,12.98,13668.86,0.15,1.15,13.012,13.042,13.284,10176.65,11250.65,12774.62,0.74
2013/12/31,13.15,14.16,13.88,13.05,49068.86,0.73,5.55,13.188,13.11,13.308,18126.34,15208.6,14279.04,2.66
2014/1/2,13.9,14.29,14.04,13.73,32811.75,0.16,1.15,13.414,13.208,13.328,22832.19,17600.15,14530.95,1.78
2014/1/3,14.04,14.2,14,13.77,21840.33,-0.04,-0.28,13.614,13.308,13.348,25313.41,18864.06,14833.97,1.18
2014/1/6,14.13,14.33,14.04,13.88,33559.97,0.04,0.29,13.822,13.392,13.372,30189.95,20100.24,16103.48,1.82
2014/1/7,14.04,14.6,14.58,13.92,45961.92,0.54,3.85,14.108,13.56,13.422,36648.57,23412.61,17866.25,2.49
2014/1/8,14.41,14.79,14.62,14.27,28605.26,0.04,0.27,14.256,13.722,13.464,32555.85,25341.09,18478.91,1.55
2014/1/9,14.62,14.62,14.22,14.19,18958.96,-0.4,-2.74,14.292,13.853,13.501,29785.29,26308.74,18968.93,1.03
2014/1/10,14.12,14.35,14.15,13.91,15799.19,-0.07,-0.49,14.322,13.968,13.529,28577.06,26945.23,19188.93,0.85
2014/1/13,14.16,14.28,13.8,13.58,15472.31,-0.35,-2.47,14.274,14.048,13.548,24959.53,27574.74,19271.11,0.84
2014/1/14,13.8,13.9,13.78,13.63,18774.5,-0.02,-0.14,14.114,14.111,13.577,19522.04,28085.31,19667.97,1.02
2014/1/15,13.71,14.3,14.02,13.71,20464.27,0.24,1.74,13.994,14.125,13.618,17893.85,25224.85,20216.72,1.11
2014/1/16,14.05,14.45,13.92,13.78,14499.91,-0.1,-0.71,13.934,14.113,13.661,17002.04,23393.66,20496.91,0.78
2014/1/17,13.9,13.9,13.71,13.7,7032.8,-0.21,-1.51,13.846,14.084,13.696,15248.76,21912.91,20388.48,0.38
2014/1/20,13.95,13.95,13.68,13.6,5459.65,-0.03,-0.22,13.822,14.048,13.72,13246.23,19102.88,19601.56,0.3
2014/1/21,13.75,13.88,13.68,13.65,8672.89,0,0,13.802,13.958,13.759,11225.9,15373.97,19393.29,0.47
2014/1/22,13.66,13.89,13.79,13.58,19834.5,0.11,0.8,13.756,13.875,13.799,11099.95,14496.9,19919,1.07
2014/1/23,13.74,13.93,13.7,13.67,18927.95,-0.09,-0.65,13.712,13.823,13.838,11985.56,14493.8,20401.27,1.02
2014/1/24,13.62,13.82,13.66,13.62,18372.6,-0.04,-0.29,13.702,13.774,13.871,14253.52,14751.14,20848.19,0.99
2014/1/27,13.66,13.66,13.2,13.1,24314.2,-0.46,-3.37,13.606,13.714,13.881,18024.43,15635.33,21605.03,1.32
2014/1/28,13.2,13.3,13.13,13.06,11294.31,-0.07,-0.53,13.496,13.649,13.88,18548.71,14887.31,21486.31,0.61
2014/1/29,13.13,13.3,13.3,13.08,10515.83,0.17,1.29,13.398,13.577,13.851,16684.98,13892.46,19558.66,0.57
2014/1/30,13.29,13.66,13.48,13.21,8077.79,0.18,1.35,13.354,13.533,13.823,14514.95,13250.25,18321.96,0.44
2014/2/7,13.48,13.5,13.49,13.27,6234.17,0.01,0.07,13.32,13.511,13.798,12087.26,13170.39,17541.65,0.34
2014/2/10,13.48,13.64,13.6,13.4,19954.7,0.11,0.81,13.4,13.503,13.776,11215.36,14619.89,16861.39,1.08
2014/2/11,13.64,13.65,13.56,13.44,22084.97,-0.04,-0.29,13.486,13.491,13.725,13373.49,15961.1,15667.54,1.19
2014/2/12,13.63,13.63,13.29,13.25,39180.08,-0.27,-1.99,13.484,13.441,13.658,19106.34,17895.66,16196.28,2.12
2014/2/13,13.25,13.29,13.1,13.03,37585.6,-0.19,-1.43,13.408,13.381,13.602,25007.9,19761.43,17127.61,2.03
2014/2/14,13.1,13.22,13.22,12.93,40336.73,0.12,0.92,13.354,13.337,13.556,31828.42,21957.84,18354.49,2.18
2014/2/17,13.22,13.3,13.19,13,39540.26,-0.03,-0.23,13.272,13.336,13.525,35745.53,23480.44,19557.89,2.14
2014/2/18,13.22,13.22,13.11,13.07,27013.69,-0.08,-0.61,13.182,13.334,13.492,36731.27,25052.38,19969.85,1.46
2014/2/19,13.33,13.53,13.43,13.11,59507.81,0.32,2.44,13.21,13.347,13.462,40796.82,29951.58,21922.02,3.22
2014/2/20,13.44,13.97,13.73,13.35,100953.39,0.3,2.23,13.336,13.372,13.453,53470.38,39239.14,26244.7,5.46
2014/2/21,13.76,13.97,13.89,13.57,53348.09,0.16,1.17,13.47,13.412,13.462,56072.65,43950.53,28560.46,2.89
2014/2/24,13.9,14.15,14,13.75,58576.53,0.11,0.79,13.632,13.452,13.478,59879.9,47812.72,31216.3,3.17
2014/2/25,14.18,14.18,13.3,13.08,49690.19,-0.7,-5,13.67,13.426,13.459,64415.2,50573.24,33267.17,2.69
2014/2/26,13.2,13.44,13.28,12.57,34263.49,-0.02,-0.15,13.64,13.425,13.433,59366.34,50081.58,33988.62,1.85
2014/2/27,13.27,13.28,12.92,12.92,21651.49,-0.36,-2.71,13.478,13.407,13.394,43505.96,48488.17,34124.8,1.17
2014/2/28,12.92,13.08,12.92,12.22,55481.42,0,0,13.284,13.377,13.357,43932.62,50002.64,35980.24,3
2014/3/3,12.8,13.21,13.08,12.52,32876.68,0.16,1.24,13.1,13.366,13.351,38792.65,49336.28,36408.36,1.78
2014/3/4,12.94,12.94,12.6,12.58,40455.24,-0.48,-3.67,12.96,13.315,13.325,36945.66,50680.43,37866.41,2.19
2014/3/5,12.66,12.85,12.68,12.54,23806.41,0.08,0.64,12.84,13.24,13.294,34854.25,47110.29,38530.94,1.29
2014/3/6,12.69,12.73,12.6,12.45,21777.33,-0.08,-0.63,12.776,13.127,13.25,34879.42,39192.69,39215.91,1.18
2014/3/7,12.61,12.62,12.5,12.45,16435.78,-0.1,-0.79,12.692,12.988,13.2,27070.29,35501.46,39725.99,0.89
2014/3/10,12.44,12.5,12.39,12.13,18339.05,-0.11,-0.88,12.554,12.827,13.14,24162.76,31477.71,39645.21,0.99
2014/3/11,12.37,12.66,12.52,12.17,14521.53,0.13,1.05,12.538,12.749,13.088,18976.02,27960.84,39267.04,0.79
2014/3/12,12.5,12.57,12.49,12.33,6708.01,-0.03,-0.24,12.5,12.67,13.048,15556.34,25205.29,37643.44,0.36
2014/3/13,12.58,12.78,12.6,12.41,15096.71,0.11,0.88,12.5,12.638,13.023,14220.22,24549.82,36518.99,0.82
2014/3/14,12.6,12.74,12.59,12.4,9436.44,-0.01,-0.08,12.518,12.605,12.991,12820.35,19945.32,34973.98,0.51
2014/3/17,12.6,12.75,12.7,12.48,12479.87,0.11,0.87,12.58,12.567,12.967,11648.51,17905.64,33620.96,0.68
2014/3/18,12.7,12.9,12.77,12.65,19069.32,0.07,0.55,12.63,12.584,12.95,12558.07,15767.05,33223.74,1.03
2014/3/19,12.81,12.81,12.53,12.45,13815.83,-0.24,-1.88,12.638,12.569,12.905,13979.63,14767.99,30939.14,0.75
2014/3/20,12.53,12.71,12.21,12.16,21104.71,-0.32,-2.55,12.56,12.53,12.829,15181.23,14700.73,26946.71,1.14
2014/3/21,12.23,12.3,12.27,12.04,26561.43,0.06,0.49,12.496,12.507,12.748,18606.23,15713.29,25607.37,1.44
2014/3/24,12.27,12.36,12.31,12.2,17867.91,0.04,0.33,12.418,12.499,12.663,19683.84,15666.18,23571.94,0.97
2014/3/25,12.31,12.38,12.24,12.17,21597.18,-0.07,-0.57,12.312,12.471,12.61,20189.41,16373.74,22167.29,1.17
2014/3/26,12.28,12.33,12.33,12.15,20059.91,0.09,0.73,12.272,12.455,12.563,21438.23,17708.93,21457.11,1.09
2014/3/27,12.32,12.32,12.2,12.18,16480.66,-0.13,-1.05,12.27,12.415,12.527,20513.42,17847.33,21198.57,0.89
2014/3/28,12.2,12.26,12.13,11.98,27095.75,-0.07,-0.57,12.242,12.369,12.487,20620.28,19613.26,19779.29,1.47
2014/3/31,12.07,12.16,12.15,11.89,16095.52,0.02,0.17,12.21,12.314,12.441,20265.8,19974.82,18940.23,0.87
2014/4/1,12.14,12.14,12.12,12.07,8949.39,-0.03,-0.25,12.186,12.249,12.417,17736.25,18962.83,17364.94,0.48
2014/4/2,12.12,12.23,12.12,12.06,9673.4,0,0,12.144,12.208,12.389,15658.94,18548.59,16658.29,0.52
2014/4/3,12.17,12.35,12.29,12.14,22970.96,0.17,1.4,12.162,12.216,12.373,16957,18735.21,16717.97,1.24
2014/4/4,12.26,12.35,12.33,12.14,11511.48,0.04,0.33,12.202,12.222,12.365,13840.15,17230.22,16471.75,0.62
2014/4/8,12.28,12.52,12.48,12.21,18616.41,0.15,1.22,12.268,12.239,12.369,14344.33,17305.07,16485.62,1.01
2014/4/9,12.47,12.66,12.62,12.42,23030.68,0.14,1.12,12.368,12.277,12.374,17160.59,17448.42,16911.08,1.25
2014/4/10,12.62,12.66,12.43,12.36,25758.94,-0.19,-1.51,12.43,12.287,12.371,20377.69,18018.32,17863.63,1.39
2014/4/11,12.45,12.85,12.69,12.39,28190.92,0.26,2.09,12.51,12.336,12.376,21421.69,19189.34,18518.34,1.53
2014/4/14,12.69,13.28,13.09,12.69,52375.11,0.4,3.15,12.662,12.432,12.401,29594.41,21717.28,20665.27,2.83
2014/4/15,13.08,13.29,13.14,12.95,28311.83,0.05,0.38,12.794,12.531,12.423,31533.5,22938.91,21456.87,1.53
2014/4/16,13.14,13.17,13.15,12.84,16362.68,0.01,0.08,12.9,12.634,12.442,30199.9,23680.24,21321.53,0.89
2014/4/17,13.15,13.17,13,12.9,12241.96,-0.15,-1.14,13.014,12.722,12.465,27496.5,23937.1,21242.84,0.66
2014/4/18,13,13.07,12.8,12.78,11431.03,-0.2,-1.54,13.036,12.773,12.495,24144.52,22783.1,20759.16,0.62
2014/4/21,12.7,12.7,12.43,12.41,16735.34,-0.37,-2.89,12.904,12.783,12.503,17016.57,23305.49,20267.85,0.91
2014/4/22,12.43,12.45,12.34,12.21,13211.2,-0.09,-0.72,12.744,12.769,12.504,13996.44,22764.97,20035.02,0.71
2014/4/23,12.35,12.58,12.58,12.27,10607.89,0.24,1.95,12.63,12.765,12.521,12845.48,21522.69,19485.55,0.57
2014/4/24,12.76,12.76,12.37,12.37,9869,-0.21,-1.67,12.504,12.759,12.523,12370.89,19933.7,18976.01,0.53
2014/4/25,12.5,12.5,12.26,12.23,10608.51,-0.11,-0.89,12.396,12.716,12.526,12206.39,18175.45,18682.4,0.57
2014/4/28,12.2,12.28,11.82,11.73,15817.42,-0.44,-3.59,12.274,12.589,12.511,12022.8,14519.69,18118.48,0.86
2014/4/29,11.74,12.09,12.07,11.74,10751.3,0.25,2.12,12.22,12.482,12.507,11530.82,12763.63,17851.27,0.58
2014/4/30,12.1,12.18,12.08,11.9,11741.64,0.01,0.08,12.12,12.375,12.505,11757.57,12301.53,17990.88,0.64
2014/5/5,12.05,12.05,11.99,11.68,10518.8,-0.09,-0.74,12.044,12.274,12.498,11887.53,12129.21,18033.15,0.57
2014/5/6,11.99,12.05,11.88,11.84,16446.4,-0.11,-0.92,11.968,12.182,12.478,13055.11,12630.75,17706.93,0.89
2014/5/7,11.85,11.88,11.6,11.55,14274,-0.28,-2.36,11.924,12.099,12.441,12746.43,12384.62,17845.05,0.77
2014/5/8,11.6,11.74,11.5,11.48,11039.11,-0.1,-0.86,11.81,12.015,12.392,12803.99,12167.41,17466.19,0.6
2014/5/9,11.5,11.75,11.65,11.35,10407.75,0.15,1.3,11.724,11.922,12.344,12537.21,12147.39,16835.04,0.56
2014/5/12,11.86,12.1,12.06,11.77,26481.55,0.24,2.03,11.738,11.891,12.325,15729.76,13808.65,16871.17,1.43
2014/5/13,12.06,12.12,12.01,11.9,12573.7,-0.05,-0.41,11.764,11.866,12.291,14955.22,14005.17,16090.31,0.68
2014/5/14,12.01,12.06,11.94,11.84,9964.39,-0.07,-0.58,11.832,11.878,12.234,14093.3,13419.86,13969.78,0.54
2014/5/15,11.86,11.94,11.68,11.68,4694.93,-0.26,-2.18,11.868,11.839,12.161,12824.46,12814.23,12788.93,0.25
2014/5/16,11.78,11.78,11.6,11.55,4727.89,-0.08,-0.69,11.858,11.791,12.083,11688.49,12112.85,12207.19,0.26
2014/5/19,11.57,11.68,11.6,11.44,3827.13,0,0,11.766,11.752,12.013,7157.61,11443.69,11786.45,0.21
2014/5/20,11.62,11.8,11.66,11.27,13621.9,0.06,0.52,11.696,11.73,11.956,7367.25,11161.24,11895.99,0.74
2014/5/21,11.59,11.79,11.63,11.55,5239.93,-0.03,-0.26,11.634,11.733,11.916,6422.36,10257.83,11321.22,0.28
2014/5/22,11.67,11.67,11.55,11.48,4419.24,-0.08,-0.69,11.608,11.738,11.877,6367.22,9595.84,10881.62,0.24
2014/5/23,11.52,11.59,11.54,11.47,4990.76,-0.01,-0.09,11.596,11.727,11.825,6419.79,9054.14,10600.77,0.27
2014/5/26,11.53,11.75,11.51,11.05,17078.28,-0.03,-0.26,11.578,11.672,11.782,9070.02,8113.82,10961.23,0.92
2014/9/5,12.66,12.66,12.66,12.66,4262.64,1.15,9.99,11.778,11.737,11.802,7198.17,7282.71,10643.94,0.21
2014/9/9,13.93,13.93,13.93,13.93,2386.58,1.27,10.03,12.238,11.936,11.907,6627.5,6524.93,9972.4,0.12
2014/9/10,15.32,15.32,15.32,15.32,10372.85,1.39,9.98,12.992,12.3,12.07,7818.22,7092.72,9953.47,0.5
2014/9/11,16.85,16.85,16.85,16.85,69043.32,1.53,9.99,14.054,12.825,12.308,20628.73,13524.26,12818.56,3.35
2014/9/12,17.55,18.54,18.42,16.45,384482.5,1.57,9.32,15.436,13.507,12.63,94109.58,51589.8,31516.74,18.68
2014/9/15,17.68,18.1,17.58,17.53,210734.81,-0.84,-4.56,16.42,14.099,12.915,135404.01,71301.09,41231.16,10.24
2014/9/16,17.59,18.15,17.78,17.19,156067.84,0.2,1.14,17.19,14.714,13.224,166140.26,86383.88,48320.86,7.58
2014/9/17,17.35,17.56,17.09,16.8,89679.65,-0.69,-3.88,17.544,15.268,13.503,182001.62,94909.92,52252.88,4.36
2014/9/18,17,17.44,17.1,16.5,70808.05,0.01,0.06,17.594,15.824,13.776,182354.57,101491.65,55272.9,3.44
2014/9/19,17.06,18.08,17.75,17.02,130977.18,0.65,3.8,17.46,16.448,14.06,131653.51,112881.54,60497.68,6.36
2014/9/22,17.6,18.1,17.5,17.42,78901.12,-0.25,-1.41,17.444,16.932,14.335,105286.77,120345.39,63814.05,3.83
2014/9/23,17.59,18.1,17.9,17.14,117077.98,0.4,2.29,17.468,17.329,14.633,97488.8,131814.53,69169.73,5.69
2014/9/24,17.77,18.2,17.99,17.64,91089.57,0.09,0.5,17.648,17.596,14.948,97770.78,139886.2,73489.46,4.43
2014/9/25,17.91,18.13,17.83,17.48,93423.3,-0.16,-0.89,17.794,17.694,15.26,102293.83,142324.2,77924.23,4.54
2014/9/26,17.78,17.8,17.61,17.2,69208.14,-0.22,-1.23,17.766,17.613,15.56,89940.02,110796.76,81193.28,3.36
2014/9/29,17.55,17.83,17.49,17.42,44129.86,-0.12,-0.68,17.764,17.604,15.852,82985.77,94136.27,82718.68,2.14
2014/9/30,17,17,16.64,16.21,109391.12,-0.85,-4.86,17.512,17.49,16.102,81448.4,89468.6,87926.24,5.32
2014/10/8,17.2,17.68,17.3,16.9,73994.3,0.66,3.97,17.374,17.511,16.39,78029.34,87900.06,91404.99,3.6
2014/10/9,17.4,17.5,17.34,17.14,32069.16,0.04,0.23,17.276,17.535,16.68,65758.52,84026.17,92758.91,1.56
2014/10/10,17.15,17.61,17.43,17.1,38090.71,0.09,0.52,17.24,17.503,16.976,59535.03,74737.53,93809.53,1.85
2014/10/13,17.4,17.42,17.29,16.9,25151.78,-0.14,-0.8,17.2,17.482,17.207,55739.41,69362.59,94853.99,1.22
2014/10/14,17.28,17.36,17.15,17.05,20620.63,-0.14,-0.81,17.302,17.407,17.368,37985.32,59716.86,95765.69,1
2014/10/15,17.01,17.01,16.85,16.66,34474.39,-0.3,-1.75,17.212,17.293,17.445,30081.33,54055.34,96970.77,1.68
2014/10/16,16.98,16.98,16.51,16.51,21531.72,-0.34,-2.02,17.046,17.161,17.428,27973.85,46866.18,94595.19,1.05
2014/10/17,16.56,16.78,16.08,16.08,26250.39,-0.43,-2.6,16.776,17.008,17.311,25605.78,42570.41,76683.59,1.28
2014/10/20,16.14,16.36,16.33,16.06,17962.23,0.25,1.55,16.584,16.892,17.248,24167.87,39953.64,67044.96,0.87
2014/10/21,16.25,16.65,16.59,16.17,20602,0.26,1.59,16.472,16.887,17.189,24164.15,31074.73,60271.66,1
2014/10/22,16.56,16.56,15.9,15.88,20640.5,-0.69,-4.16,16.282,16.747,17.129,21397.37,25739.35,56819.71,1
2014/10/23,16.12,16.12,15.9,15.8,15854.69,0,0,16.16,16.603,17.069,20261.96,24117.9,54072.04,0.77
2014/10/24,15.95,16.75,16.66,15.95,30696.75,0.76,4.78,16.276,16.526,17.015,21151.23,23378.51,49058.02,1.49
2014/10/27,16.86,16.9,16.46,16.36,19416.86,-0.2,-1.2,16.302,16.443,16.963,21442.16,22805.02,46083.8,0.94
2014/10/28,16.48,16.83,16.73,16.4,18207.38,0.27,1.64,16.33,16.401,16.904,20963.24,22563.69,41140.27,0.88
2014/10/29,16.8,17.33,17.26,16.62,37165.45,0.53,3.17,16.602,16.442,16.868,24268.23,22832.8,38444.07,1.81
2014/10/30,17.3,17.39,16.88,16.85,25178.4,-0.38,-2.2,16.798,16.479,16.82,26132.97,23197.47,35031.82,1.22
2014/10/31,16.85,17.2,17.05,16.77,37026.97,0.17,1.01,16.876,16.576,16.792,27399.01,24275.12,33422.76,1.8
2014/11/3,17.01,17.19,16.9,16.83,32334.79,-0.15,-0.88,16.964,16.633,16.763,29982.6,25712.38,32833.01,1.57
2014/11/4,17,17.01,16.71,16.5,23364.43,-0.19,-1.12,16.96,16.645,16.766,31014.01,25988.62,28531.68,1.14
2014/11/5,16.6,17.36,17.27,16.5,36089.11,0.56,3.35,16.962,16.782,16.765,30798.74,27533.48,26636.42,1.75
2014/11/6,17.23,17.72,17.48,17.2,57306.66,0.21,1.22,17.082,16.94,16.772,37224.39,31678.68,27898.29,2.78
2014/11/7,17.38,17.58,16.93,16.91,32371.03,-0.55,-3.15,17.058,16.967,16.747,36293.2,31846.11,27612.31,1.57
2014/11/10,16.95,17.6,17.02,16.9,30972.99,0.09,0.53,17.082,17.023,16.733,36020.84,33001.72,27903.37,1.5
2014/11/11,16.95,17.01,16.45,16.01,30972.45,-0.57,-3.35,17.03,16.995,16.698,37542.45,34278.23,28420.96,1.5
2014/11/12,16.45,16.45,16.41,16.06,15167.46,-0.04,-0.24,16.858,16.91,16.676,33358.12,32078.43,27455.61,0.74
2014/11/13,16.42,16.75,16.6,16.02,24364.41,0.19,1.16,16.682,16.882,16.681,26769.67,31997.03,27597.25,1.18
2014/11/14,16.54,16.6,16.3,16.11,13037.49,-0.3,-1.81,16.556,16.807,16.692,22902.96,29598.08,26936.6,0.63
2014/11/17,16.3,16.38,16.36,15.93,27907.73,0.06,0.37,16.424,16.753,16.693,22289.91,29155.38,27433.88,1.36
2014/11/18,16.31,16.59,16.27,16.1,15341.66,-0.09,-0.55,16.388,16.709,16.677,19163.75,28353.1,27170.86,0.75
2014/11/19,16.3,16.52,16.36,16.3,13213.7,0.09,0.55,16.378,16.618,16.7,18773,26065.56,26799.52,0.64
2014/11/20,16.3,16.37,16.27,16.13,11136.84,-0.09,-0.55,16.312,16.497,16.719,16127.48,21448.58,26563.63,0.54
2014/11/21,16.27,16.5,16.35,16.21,17271.85,0.08,0.49,16.322,16.439,16.703,16974.36,19938.66,25892.38,0.84
2014/11/24,16.57,16.57,16.18,16,36089.32,-0.17,-1.04,16.286,16.355,16.689,18610.67,20450.29,26726.01,1.75
2014/11/25,16.18,16.35,16.24,16.08,24494.39,0.06,0.37,16.28,16.334,16.665,20441.22,19802.48,27040.36,1.19
2014/11/26,16.24,16.27,16.13,16.09,23445.5,-0.11,-0.68,16.234,16.306,16.608,22487.58,20630.29,26354.36,1.14
2014/11/27,16.14,16.19,15.95,15.85,41822.47,-0.18,-1.12,16.17,16.241,16.562,28624.71,22376.1,27186.56,2.03
2014/11/28,15.96,16.36,16.32,15.88,52932.09,0.37,2.32,16.164,16.243,16.525,35756.75,26365.56,27981.82,2.57
2014/12/1,16.3,16.42,16.08,15.9,33633.15,-0.24,-1.47,16.144,16.215,16.484,35265.52,26938.1,28046.74,1.63
2014/12/2,16.04,16.23,16.04,15.92,23087.77,-0.04,-0.25,16.104,16.192,16.451,34984.2,27712.71,28032.9,1.12
2014/12/3,16.08,16.14,15.77,15.56,44901.96,-0.27,-1.68,16.032,16.133,16.376,39275.49,30881.53,28473.55,2.18
2014/12/4,15.79,15.95,15.78,15.68,48167.39,0.01,0.06,15.998,16.084,16.291,40544.47,34584.59,28016.58,2.34
2014/12/5,15.78,15.81,15.1,14.9,56721.9,-0.68,-4.31,15.754,15.959,16.199,41302.43,38529.59,29234.13,2.76
2014/12/8,15.15,15.41,14.94,14.91,42194.28,-0.16,-1.06,15.526,15.835,16.095,43014.66,39140.09,29795.19,2.05
2014/12/9,14.9,14.9,14.11,14.03,59785.11,-0.83,-5.56,15.14,15.622,15.978,50354.13,42669.16,31235.82,2.9
2014/12/10,14.2,14.49,14.49,13.9,36134.2,0.38,2.69,14.884,15.458,15.882,48600.58,43938.03,32284.16,1.76
2014/12/11,14.37,14.63,14.6,14.3,41063.32,0.11,0.76,14.648,15.323,15.782,47179.76,43862.12,33119.11,2
2014/12/12,14.6,15.25,15.25,14.59,43439.5,0.65,4.45,14.678,15.216,15.73,44523.28,42912.86,34639.21,2.11
2014/12/15,15.38,15.4,15.34,14.99,40781.07,0.09,0.59,14.758,15.142,15.679,44240.64,43627.65,35282.87,1.98
2014/12/16,15.33,15.33,15.2,15.01,22378.44,-0.14,-0.91,14.976,15.058,15.625,36759.31,43556.72,35634.71,1.09
2014/12/17,15.19,15.19,14.73,14.65,28492.54,-0.47,-3.09,15.024,14.954,15.544,35230.97,41915.78,36398.65,1.38
2014/12/18,14.73,14.87,14.68,14.41,22050.5,-0.05,-0.34,15.04,14.844,15.464,31428.41,39304.09,36944.34,1.07
2014/12/19,14.65,14.65,14.3,14.1,23955.68,-0.38,-2.59,14.85,14.764,15.362,27531.65,36027.46,37278.53,1.16
2014/12/22,14.1,14.45,13.18,12.98,40386.47,-1.12,-7.83,14.418,14.588,15.212,27452.73,35846.68,37493.39,1.96
2014/12/23,13.15,13.39,12.98,12.88,20186.11,-0.2,-1.52,13.974,14.475,15.049,27014.26,31886.78,37277.97,0.98
2014/12/24,13.39,13.54,13.49,13.12,20222.04,0.51,3.93,13.726,14.375,14.917,25360.16,30295.57,37116.8,0.98
2014/12/25,13.53,13.8,13.52,13.34,17619.05,0.03,0.22,13.494,14.267,14.795,24473.87,27951.14,35906.63,0.86
2014/12/26,13.61,13.75,13.6,13.53,15863.84,0.08,0.59,13.354,14.102,14.659,22855.5,25193.57,34053.22,0.77
2014/12/29,13.68,13.73,13.61,13.45,15408.36,0.01,0.07,13.44,13.929,14.536,17859.88,22656.3,33141.98,0.75
2014/12/30,13.64,13.68,13.39,13.2,16423.61,-0.22,-1.62,13.522,13.748,14.403,17107.38,22060.82,32808.77,0.8
2014/12/31,13.39,14.73,14.6,13.18,55362.88,1.21,9.04,13.744,13.735,14.345,24135.55,24747.85,33331.81,2.69
2015/1/5,14.51,14.8,14.52,14.25,28415.72,-0.08,-0.55,13.944,13.719,14.282,26294.88,25384.38,32344.23,1.38
2015/1/6,14.45,14.45,14.27,13.99,25888.95,-0.25,-1.72,14.078,13.716,14.24,28299.9,25577.7,30802.58,1.26
2015/1/7,14.34,14.79,14.59,14.28,23742,0.32,2.24,14.274,13.857,14.223,29966.63,23913.26,29879.97,1.15
2015/1/8,14.58,14.68,14.58,14.44,17418.25,-0.01,-0.07,14.512,14.017,14.246,30165.56,23636.47,27761.63,0.85
2015/1/9,14.55,14.66,14.5,14.42,14459.87,-0.08,-0.55,14.492,14.118,14.247,21984.96,23060.25,26677.91,0.7
2015/1/12,14.4,14.45,14.38,14.18,12569.81,-0.12,-0.83,14.464,14.204,14.236,18815.78,22555.33,25253.23,0.61
2015/1/13,14.39,15.06,14.95,14.29,33159.71,0.57,3.96,14.6,14.339,14.221,20269.93,24284.92,24739.24,1.61
2015/1/14,14.95,14.99,14.67,14.61,17797.96,-0.28,-1.87,14.616,14.445,14.187,19081.12,24523.88,23590.09,0.86
2015/1/15,14.67,14.74,14.59,14.46,12700.19,-0.08,-0.55,14.618,14.565,14.157,18137.51,24151.53,23106.18,0.62
2015/1/16,14.49,14.7,14.51,14.34,20632.23,-0.08,-0.55,14.62,14.556,14.146,19371.98,20678.47,22713.16,1
2015/1/19,14.48,14.66,14.01,13.96,19784.4,-0.5,-3.45,14.546,14.505,14.112,20814.9,19815.34,22599.86,0.96
2015/1/20,14.11,14.52,14.47,14.11,13058.38,0.46,3.28,14.45,14.525,14.121,16794.63,18532.28,22054.99,0.63
2015/1/21,14.49,14.87,14.68,14.32,23774.83,0.21,1.45,14.452,14.534,14.196,17990.01,18535.56,21224.41,1.15
2015/1/22,14.57,15.31,15.2,14.57,61559.4,0.52,3.54,14.574,14.596,14.307,27761.85,22949.68,23293.07,2.99
2015/1/23,15.19,15.82,14.85,14.83,104078.64,-0.35,-2.3,14.642,14.631,14.375,44451.13,31911.56,27485.9,5.06
2015/1/26,14.66,14.66,14.6,14.25,56832.43,-0.25,-1.68,14.76,14.653,14.429,51860.74,36337.82,29446.57,2.76
2015/1/27,14.52,14.75,14.7,14.46,40874.42,0.1,0.69,14.806,14.628,14.484,57423.94,37109.29,30697.1,1.99
2015/1/28,14.6,14.87,14.67,14.55,30777.45,-0.03,-0.2,14.804,14.628,14.537,58824.47,38407.24,31465.56,1.49
2015/1/29,14.65,15.1,14.63,14.51,32506.06,-0.04,-0.27,14.69,14.632,14.599,53013.8,40387.82,32269.68,1.58
2015/1/30,14.63,14.85,14.46,14.34,22719.73,-0.17,-1.16,14.612,14.627,14.592,36742.02,40596.57,30637.52,1.1
2015/2/2,14.49,14.6,14.5,14.33,19569.09,0.04,0.28,14.592,14.676,14.591,29289.35,40575.04,30195.19,0.95
2015/2/3,14.5,14.5,14.18,14.06,39132.2,-0.32,-2.21,14.488,14.647,14.586,28940.91,43182.43,30857.35,1.9
2015/2/4,14.19,14.24,14.03,13.98,34659.81,-0.15,-1.06,14.36,14.582,14.558,29717.38,44270.92,31403.24,1.68
2015/2/5,14.02,14.15,13.85,13.67,47323.22,-0.18,-1.28,14.204,14.447,14.522,32680.81,42847.31,32898.49,2.3
2015/2/6,12.51,12.95,12.47,12.47,105820.21,-1.38,-9.96,13.806,14.209,14.42,49300.91,43021.46,37466.51,5.14
2015/2/9,12.18,12.83,12.52,11.8,93348.72,0.05,0.4,13.41,14.001,14.327,64056.83,46673.09,41505.45,4.53
2015/2/10,12.19,12.37,12.1,12,56355.8,-0.42,-3.35,12.994,13.741,14.185,67501.55,48221.23,42665.26,2.74
2015/2/11,12.02,12.28,12.27,11.86,59749.85,0.17,1.41,12.642,13.501,14.065,72519.56,51118.47,44762.85,2.9
2015/2/12,12.2,12.32,12.21,12.1,59521.17,-0.06,-0.49,12.314,13.259,13.946,74959.15,53819.98,47103.9,2.89
2015/2/13,12.28,12.71,12.51,12.27,74814.13,0.3,2.46,12.322,13.064,13.846,68757.93,59029.42,49813,3.63
2015/2/16,12.65,12.88,12.84,12.5,59912.36,0.33,2.64,12.386,12.898,13.787,62070.66,63063.75,51819.4,2.91
2015/2/17,13,13.17,12.84,12.77,59942.44,0,0,12.534,12.764,13.706,62787.99,65144.77,54163.6,2.91
2015/2/24,13.1,13.3,13.3,13.05,2833,0.46,3.58,12.74,12.691,13.637,51404.62,61962.09,53116.51,0.14
2015/2/25,12.99,12.99,12.62,12.56,55869.92,-0.22,-1.71,12.822,12.568,13.508,50674.37,62816.76,52832.03,2.71
2015/2/26,12.6,12.85,12.81,12.53,52798.59,0.19,1.51,12.882,12.602,13.406,46271.26,57514.6,50268.03,2.56
2015/2/27,12.85,13.26,13.18,12.76,69665.38,0.37,2.89,12.95,12.668,13.335,48221.87,55146.26,50909.68,3.38
2015/3/2,13.15,13.33,13.31,12.97,70179.63,0.13,0.99,13.044,12.789,13.265,50269.3,56528.65,52374.94,3.41
2015/3/3,13.25,13.44,13.16,13.1,62070.99,-0.15,-1.13,13.016,12.878,13.19,62116.9,56760.76,53939.61,3.01
2015/3/4,13.37,13.46,13.32,13.15,53376.17,0.16,1.22,13.156,12.989,13.124,61618.15,56146.26,54983.12,2.59
2015/3/5,13.36,13.44,13.32,13.2,50596.75,0,0,13.258,13.07,13.067,61177.78,53724.52,56376.97,2.46
2015/3/6,13.36,14.6,14.34,13.35,200006.09,1.02,7.66,13.49,13.22,13.059,87245.93,67733.9,65398.82,9.71
2015/3/9,14.36,15.59,15.58,14.36,228881.98,1.24,8.65,13.944,13.494,13.129,118986.4,84627.85,74886.31,11.12
2015/3/10,15.59,16.21,15.52,15.15,152658.62,-0.06,-0.39,14.416,13.716,13.204,137103.92,99610.41,80786.25,7.41
2015/3/11,15.55,16.65,16.4,15.52,161062.56,0.88,5.67,15.032,14.094,13.331,158641.2,110129.68,86473.22,7.82
2015/3/12,16.4,16.66,15.95,15.71,104437.44,-0.45,-2.74,15.558,14.408,13.505,169409.34,115293.56,86404.08,5.07
2015/3/13,15.93,16,15.4,15.18,101558.33,-0.55,-3.45,15.77,14.63,13.649,149719.79,118482.86,86814.56,4.93
2015/3/16,15.5,16.37,16.02,15.5,98630.46,0.62,4.03,15.858,14.901,13.845,123669.48,121327.94,88928.29,4.79
2015/3/17,16.05,17.12,16.54,16.05,133055.34,0.52,3.25,16.062,15.239,14.059,119748.83,128426.37,92593.57,6.46
2015/3/18,16.5,16.97,16.7,16.21,88252.53,0.16,0.97,16.122,15.577,14.283,105186.82,131914.01,94030.14,4.29
2015/3/19,16.7,16.71,16.51,16.28,53566.21,-0.19,-1.14,16.234,15.896,14.483,95012.57,132210.96,92967.74,2.6
2015/3/20,16.5,16.95,16.64,16.29,83212.35,0.13,0.79,16.482,16.126,14.673,91343.38,120531.58,94132.74,4.04
2015/3/23,16.64,16.9,16.76,16.41,97289.19,0.12,0.72,16.63,16.244,14.869,91075.12,107372.3,96000.08,4.73
2015/3/24,16.77,16.81,16.4,15.7,98111.13,-0.36,-2.15,16.602,16.332,15.024,84086.28,101917.55,100763.98,4.77
2015/3/25,16.38,17.55,17.27,16.25,136712.62,0.87,5.3,16.716,16.419,15.257,93778.3,99482.56,104806.12,6.64
2015/3/26,17.24,18.51,18.35,17.01,163461.14,1.08,6.25,17.084,16.659,15.534,115757.29,105384.93,110339.25,7.94
2015/3/27,18,18.6,18.47,17.95,106788,0.12,0.65,17.45,16.966,15.798,120472.42,105907.9,112195.38,5.19
2015/3/30,18.38,20,18.71,17.85,124731.55,0.24,1.3,17.84,17.235,16.068,125960.89,108518.01,114922.97,6.06
2015/3/31,18.72,19.53,19.15,18.5,81404.15,0.44,2.35,18.39,17.496,16.368,122619.49,103352.89,115889.63,3.95
2015/4/1,18.95,19.98,19.79,18.95,69655.59,0.64,3.34,18.894,17.805,16.691,109208.09,101493.19,116703.6,3.38
2015/4/2,19.8,20,19.9,19.18,79098.93,0.11,0.56,19.204,18.144,17.02,92335.64,104046.47,118128.71,3.84
2015/4/3,19.84,21.01,20.98,19.5,128497.6,1.08,5.43,19.706,18.578,17.352,96677.56,108574.99,114553.29,6.24
2015/4/7,20.93,21,20.57,20,146227,-0.41,-1.95,20.078,18.959,17.602,100976.65,113468.77,110420.54,7.1
2015/4/8,20.42,22.14,21.8,20.07,110556.31,1.23,5.98,20.608,19.499,17.916,106807.09,114713.29,108315.42,5.37
2015/4/9,21.7,22.97,21.88,20.8,81290.85,0.08,0.37,21.026,19.96,18.19,109134.14,109171.11,104326.84,3.95
2015/4/10,21.74,22.5,21.82,21.25,68935.65,-0.06,-0.27,21.41,20.307,18.483,107101.48,99718.56,102551.75,3.35
2015/4/13,21.74,22.22,21.4,21.28,100710.26,-0.42,-1.93,21.494,20.6,18.783,101544.01,99110.79,102509.34,4.89
2015/4/14,21.44,21.49,20.76,20.58,58524.17,-0.64,-2.99,21.532,20.805,19.02,84003.45,92490.05,100504.03,2.84
2015/4/15,20.7,22.55,21.03,19.88,92340.6,0.27,1.3,21.378,20.993,19.245,80360.31,93583.7,98468.29,4.49
2015/4/16,20.33,21.9,21.14,20.08,57049.28,0.11,0.52,21.23,21.128,19.467,75511.99,92323.06,96908.13,2.77
2015/4/17,21.14,21.74,21.18,20.85,60695.86,0.04,0.19,21.102,21.256,19.7,73864.03,90482.76,97264.61,2.95
2015/4/20,21.11,21.11,20.43,20.05,66754.47,-0.75,-3.54,20.908,21.201,19.89,67072.88,84308.45,96441.72,3.24
2015/4/21,19.89,20.83,20.62,19.89,56331.9,0.19,0.93,20.88,21.206,20.083,66634.42,75318.93,94393.85,2.74
2015/4/22,20.43,21.62,21.42,20.43,71042.18,0.8,3.88,20.958,21.168,20.334,62374.74,71367.52,93040.41,3.45
2015/4/23,21.42,22.4,22.35,21.42,109304.97,0.93,4.34,21.2,21.215,20.588,72825.88,74168.93,91670.02,5.31
2015/4/24,22.35,24.08,23.9,22.08,120473.5,1.55,6.93,21.744,21.423,20.865,84781.4,79322.72,89520.64,5.85
2015/4/27,24.09,25.32,24.42,23.36,118012.98,0.52,2.18,22.542,21.725,21.163,95033.11,81052.99,90081.89,5.73
2015/4/28,24.54,24.88,23.9,23.63,74481.99,-0.52,-2.13,23.198,22.039,21.422,98663.12,82648.77,87569.41,3.62
2015/4/29,23.8,24.58,24,23.74,71193.2,0.1,0.42,23.714,22.336,21.665,98693.33,80534.03,87058.86,3.46
2015/4/30,24.49,26.4,26.4,24.03,163499.91,2.4,10,24.524,22.862,21.995,109532.32,91179.1,91751.08,7.94
2015/5/4,27.13,27.19,26,25.98,82422.94,-0.4,-1.51,24.944,23.344,22.3,101922.2,93351.8,91917.28,4
2015/5/5,26.8,27.53,26.94,25.55,68607.63,0.94,3.62,25.448,23.995,22.598,92041.13,93537.12,88922.78,3.33
2015/5/6,26.77,26.77,25.68,25.5,81006.21,-1.26,-4.68,25.804,24.501,22.854,93345.98,96004.55,85661.74,3.93
2015/5/7,25.65,25.65,23.68,23.23,70037.84,-2,-7.79,25.74,24.727,22.948,93114.91,95904.12,83635.82,3.4
2015/5/8,23.68,24.59,24.44,22.97,57427.96,0.76,3.21,25.348,24.936,23.076,71900.52,90716.42,82442.67,2.79
2015/5/11,23.23,24.52,24.51,22.76,133935.02,0.07,0.29,25.05,24.997,23.21,82202.93,92062.57,85692.64,6.51
2015/5/12,24.01,24.39,24.22,23.72,86078.65,-0.29,-1.18,24.506,24.977,23.351,85697.14,88869.14,84961.06,4.18
2015/5/13,24.26,25.97,25.2,24.26,120097.55,0.98,4.05,24.41,25.107,23.573,93515.4,93430.69,88039.73,5.83
2015/5/14,25.03,26.58,25.33,25.01,120345.06,0.13,0.52,24.74,25.24,23.788,103576.85,98345.88,89439.96,5.85
2015/5/15,25.33,27.62,27.3,24.82,170886.5,1.97,7.78,25.312,25.33,24.096,126268.56,99084.54,95131.82,8.3
2015/5/18,27.26,29.11,28.35,26.58,153163.91,1.05,3.85,26.08,25.565,24.455,130114.33,106158.63,99755.22,7.44
2015/5/19,28,29.11,28.96,27.05,90757.79,0.61,2.15,27.028,25.767,24.881,131050.16,108373.65,100955.38,4.41
2015/5/20,28.92,31.3,29.17,28.59,141724.38,0.21,0.72,27.822,26.116,25.309,135375.53,114445.47,105225.01,6.88
